<?xml version="1.0" encoding="UTF-8" ?>
<!DOCTYPE mapper PUBLIC "-//mybatis.org//DTD Mapper 3.0//EN" "http://mybatis.org/dtd/mybatis-3-mapper.dtd" >
<mapper namespace="com.cms.model.dao.ArticleDAO">
    <resultMap id="ArticleResultMap" type="com.cms.model.bean.ArticleInfo">
        <id column="post_id" property="post_id" jdbcType="INTEGER"/>
        <result column="user_id" property="user_id" jdbcType="INTEGER"/>
        <result column="post_date" property="post_date" jdbcType="TIMESTAMP"/>
        <result column="post_content" property="post_content" jdbcType="LONGVARCHAR"/>
        <result column="post_title" property="post_title" jdbcType="LONGVARCHAR"/>
        <result column="post_status" property="post_status" jdbcType="VARCHAR"/>
        <result column="post_theme" property="post_theme" jdbcType="LONGVARCHAR"/>
        <result column="post_label" property="post_label" jdbcType="LONGVARCHAR"/>
        <result column="post_url" property="post_url" jdbcType="LONGVARCHAR"/>
        <result column="read_times" property="read_times" jdbcType="INTEGER"/>
        <result column="contact_method" property="contact_method" jdbcType="LONGVARCHAR"/>
        <result column="author_contact" property="author_contact" jdbcType="LONGVARCHAR"/>
        <result column="post_comment" property="post_comment" jdbcType="INTEGER"/>
        <result column="cover_pic" property="cover_pic" jdbcType="LONGVARCHAR"/>
        <result column="is_up" property="is_up" jdbcType="INTEGER"/>
    </resultMap>

    <resultMap id="AViewResultMap" type="com.cms.model.bean.ArticleView">
        <id column="post_id" property="post_id" jdbcType="INTEGER"/>
        <result column="post_date" property="post_date" jdbcType="TIMESTAMP"/>
        <result column="post_content" property="post_content" jdbcType="LONGVARCHAR"/>
        <result column="post_title" property="post_title" jdbcType="LONGVARCHAR"/>
        <result column="post_status" property="post_status" jdbcType="VARCHAR"/>
        <result column="post_theme" property="post_theme" jdbcType="LONGVARCHAR"/>
        <result column="post_label" property="post_label" jdbcType="LONGVARCHAR"/>
        <result column="post_url" property="post_url" jdbcType="LONGVARCHAR"/>
        <result column="read_times" property="read_times" jdbcType="INTEGER"/>
        <result column="contact_method" property="contact_method" jdbcType="LONGVARCHAR"/>
        <result column="author_contact" property="author_contact" jdbcType="LONGVARCHAR"/>
        <result column="cover_pic" property="cover_pic" jdbcType="LONGVARCHAR"/>
        <result column="is_up" property="is_up" jdbcType="INTEGER"/>
        <result column="post_comment" property="post_comment" jdbcType="INTEGER"/>
        <result column="post_nickname" property="post_nickname" jdbcType="VARCHAR"/>
        <result column="post_avatar" property="post_avatar" jdbcType="VARCHAR"/>
        <result column="post_email" property="post_email" jdbcType="VARCHAR"/>
        <result column="vip" property="vip" jdbcType="INTEGER"/>
    </resultMap>

    <resultMap id="MsgViewResultMap" type="com.cms.model.bean.MsgInfo">
        <id column="id" property="id" jdbcType="INTEGER"/>
        <result column="post_id" property="post_id" jdbcType="INTEGER"/>
        <result column="user_id" property="user_id" jdbcType="INTEGER"/>
        <result column="post_title" property="post_title" jdbcType="LONGVARCHAR"/>
        <result column="post_status" property="post_status" jdbcType="VARCHAR"/>
        <result column="msg" property="msg" jdbcType="VARCHAR"/>
        <result column="view" property="view" jdbcType="INTEGER"/>
    </resultMap>

    <resultMap id="ThemeResultMap" type="com.cms.model.bean.ThemeList">
        <result column="post_theme" property="post_theme" jdbcType="LONGVARCHAR"/>
    </resultMap>

    <select id="getArticle" resultMap="AViewResultMap">
        SELECT * FROM `rcms_article_view` where post_status = 'publish' order by is_up desc, post_id desc, read_times desc limit #{search_num}, #{limit_num};
    </select>

    <select id="getoneArticle" resultMap="AViewResultMap">
        SELECT * FROM `rcms_article_view` where post_id = #{post_id} and post_status = 'publish';
    </select>

    <select id="getoneViewArticle" resultMap="AViewResultMap">
        SELECT * FROM `rcms_article_view` where post_id = #{post_id};
    </select>

    <select id="getArticlefilterbytheme" resultMap="AViewResultMap">
        SELECT * FROM `rcms_article_view` where post_theme = #{post_theme} and post_status = 'publish' order by is_up desc limit #{search_num}, #{limit_num};
    </select>

    <select id="getRandomArticle" resultMap="AViewResultMap">
        SELECT * FROM `rcms_article_view` where post_status = 'publish' order by rand() limit 0, 4;
    </select>

    <select id="getArticlefilterbysearch" resultMap="AViewResultMap">
        SELECT * FROM `rcms_article_view` where post_status = 'publish' and (post_content like concat('%',#{things},'%') or post_title like concat('%',#{things},'%') or post_label like concat('%',#{things},'%')) order by is_up desc limit #{search_num}, #{limit_num};
    </select>

    <select id="findArticle" resultMap="AViewResultMap">
        SELECT * FROM `rcms_article_view` where post_email = #{post_email};
    </select>

    <select id="NumOfUserArticle" resultType="java.lang.Integer">
        SELECT count(*) FROM `rcms_article_view` where post_email = #{post_email} and post_status = 'publish';
    </select>

    <insert id="InsertNewArticle" parameterType="com.cms.model.bean.ArticleInfo" keyProperty="post_id" useGeneratedKeys="true">
<!--    <insert id="InsertNewArticle" parameterType="com.cms.model.bean.ArticleInfo">-->
        <![CDATA[
        INSERT INTO rcms_article(`post_id`, `user_id`, `post_date`, `post_content`, `post_title`, `post_status`, `post_theme`, `post_url`, `post_label`, `read_times`, `contact_method`, `author_contact`, `post_comment`, `cover_pic`, `is_up`) VALUES
        (#{post_id}, #{user_id}, #{post_date}, #{post_content}, #{post_title}, #{post_status}, #{post_theme}, #{post_url}, #{post_label}, #{read_times}, #{contact_method}, #{author_contact}, #{post_comment}, #{cover_pic}, #{is_up});
        ]]>
<!--        <selectKey resultType="int" keyProperty="post_id" order="AFTER">
             select LAST_INSERT_ID()
        </selectKey>-->
    </insert>

    <update id="AddNewArticle">
        UPDATE rcms_article SET post_date = #{post_date}, post_content = #{post_content}, post_title = #{post_title}, post_status = #{post_status}, post_theme = #{post_theme}, post_label = #{post_label}, post_url = #{post_url}, contact_method = #{contact_method}, author_contact = #{author_contact} where post_id = #{post_id};
    </update>

    <update id="AddReadTime">
        UPDATE rcms_article SET read_times = read_times + 1 where post_id = #{post_id};
    </update>

    <update id="AddCommentTime">
        UPDATE rcms_article SET post_comment = post_comment + 1 where post_id = #{post_id};
    </update>

    <select id="getThemeList" resultMap="ThemeResultMap">
        select distinct post_theme FROM `rcms_article_view`;
    </select>

    <select id="getThemeAritcleNum" resultType="java.lang.Integer">
        select count(*) from rcms_article_view where post_theme = #{post_theme};
    </select>

    <select id="getThemeAritcle" resultMap="AViewResultMap">
        select * from rcms_article_view where post_theme = #{post_theme} limit #{search_num}, #{limit_num};
    </select>

    <update id="UpdateArticle">
        UPDATE rcms_article SET post_theme = #{post_theme}, post_label = #{post_label}, post_status = #{post_status}, is_up = #{is_up}, cover_pic = #{cover_pic} where post_id = #{post_id};
    </update>

    <update id="RejectArticle">
        UPDATE rcms_article SET post_status = #{post_status} where post_id = #{post_id};
    </update>

    <delete id="DeleteArticle">
        DELETE FROM rcms_article where post_id = #{post_id};
    </delete>

    <insert id="SendArticleMsg">
        INSERT rcms_msg_view(post_id, msg) VALUES (#{post_id}, #{msg});
    </insert>

    <select id="getMsgInfo" resultMap="MsgViewResultMap">
        select * from rcms_msg_view where user_id = #{user_id} and view = 0;
    </select>

    <update id="signMsgView">
        UPDATE rcms_msg_view SET view = 1 where id = #{id} and user_id = #{user_id};
    </update>

    <select id="DraftInfo" resultMap="ArticleResultMap">
        select * from rcms_article where user_id = #{user_id} and post_status = 'save';
    </select>

    <select id="DraftView" resultType="java.lang.String">
        select post_content from rcms_article where user_id = #{user_id} and post_id = #{post_id};
    </select>

    <delete id="DraftDel">
        DELETE FROM rcms_article where user_id = #{user_id} and post_id = #{post_id};
    </delete>
</mapper>
