<?xml version="1.0" encoding="UTF-8" ?>
<!DOCTYPE mapper PUBLIC "-//mybatis.org//DTD Mapper 3.0//EN" "http://mybatis.org/dtd/mybatis-3-mapper.dtd" >
<mapper namespace="com.cms.model.dao.TemplatesDAO">
    <resultMap id="TResultMap" type="com.cms.model.bean.TemplatesContent">
        <id column="id" property="id" jdbcType="INTEGER"/>
        <result column="name" property="name" jdbcType="VARCHAR"/>
        <result column="path" property="path" jdbcType="VARCHAR"/>
        <result column="type" property="type" jdbcType="VARCHAR"/>
        <result column="des" property="des" jdbcType="VARCHAR"/>
    </resultMap>

    <select id="gettemplates" parameterType="java.lang.Integer" resultMap="TResultMap">
        SELECT * from rcms_templates limit #{search_num}, #{limit_num};
    </select>

    <select id="gettemplatesnum" resultType="java.lang.Integer">
        SELECT count(*) from rcms_templates;
    </select>

    <insert id="AddTemplates">
        INSERT INTO rcms_templates(`name`, `path`, `type`, `des`) values (#{name}, #{path}, #{type}, #{des});
    </insert>

    <select id="FindTemplates" resultType="java.lang.Integer">
        SELECT exists(SELECT * from rcms_templates where path = #{filepath} and type = #{type});
    </select>

    <delete id="DelTemplates">
        DELETE FROM rcms_templates where path = #{filepath} and type = #{type};
    </delete>

</mapper>