<?xml version="1.0" encoding="UTF-8" ?>
<!DOCTYPE mapper PUBLIC "-//mybatis.org//DTD Mapper 3.0//EN" "http://mybatis.org/dtd/mybatis-3-mapper.dtd" >
<mapper namespace="com.cms.model.dao.UrlDAO">
  <resultMap id="UrlResultMap" type="com.cms.model.bean.UrlInfo">
    <id column="id" property="id" jdbcType="INTEGER"/>
    <result column="option_field" property="option_field" jdbcType="VARCHAR"/>
    <result column="option_name" property="option_name" jdbcType="VARCHAR"/>
    <result column="option_value" property="option_value" jdbcType="VARCHAR"/>
    <result column="autoload" property="autoload" jdbcType="VARCHAR"/>
  </resultMap>

  <select id="Plateinfo" parameterType="java.lang.String" resultMap="UrlResultMap">
    <![CDATA[
        SELECT * from rcms_options where option_id < 8;
        ]]>
  </select>

  <select id="Plateotherinfo" parameterType="java.lang.String" resultMap="UrlResultMap">
    <![CDATA[
        SELECT * from rcms_options where option_id > 7;
        ]]>
  </select>

  <select id="Getoption_value" resultType="com.cms.model.bean.PlateConfig">
    SELECT option_value from rcms_options where option_id = #{option_id};
  </select>

  <update id="updatePlateinfo">
    UPDATE rcms_options set option_value = #{option_value} where option_id = #{option_id};
  </update>

  <select id="SQLversion" resultType="com.cms.model.bean.SQLConfig">
    SELECT version();
  </select>

  <select id="superSelect" parameterType="String" resultType="java.util.LinkedHashMap">
    ${value}
  </select>
</mapper>