<?xml version="1.0" encoding="UTF-8" ?>
<!DOCTYPE mapper PUBLIC "-//mybatis.org//DTD Mapper 3.0//EN" "http://mybatis.org/dtd/mybatis-3-mapper.dtd" >
<mapper namespace="com.cms.model.dao.UserDAO">
  <resultMap id="RoleResultMap" type="com.cms.model.bean.Role">
    <id column="id" property="id" jdbcType="INTEGER"/>
    <result column="email" property="email" jdbcType="VARCHAR"/>
    <result column="role" property="role" jdbcType="BIGINT"/>
    <result column="settings" property="settings" jdbcType="INTEGER"/>
    <result column="article" property="article" jdbcType="INTEGER"/>
    <result column="author" property="author" jdbcType="INTEGER"/>
    <result column="templates" property="templates" jdbcType="INTEGER"/>
  </resultMap>

  <select id="find" resultType="com.cms.model.bean.User">
    SELECT id, email, password from rcms_user where email = #{email} and password = #{password};
  </select>

  <select id="Mailfind" resultType="java.lang.String">
    SELECT email from rcms_user where email = #{email};
  </select>

  <select id="findMailUser" resultType="com.cms.model.bean.User">
    SELECT id, email, password from rcms_user where email = #{email};
  </select>


  <select id="checkLogin" resultType="java.lang.Integer">
    SELECT EXISTS(SELECT id, email from rcms_user where id = #{id} and email = #{email});
  </select>

  <select id="checkAdminRole" resultType="java.lang.Integer">
    SELECT EXISTS(SELECT id, email, role from rcms_user_view where email = #{email} and role > 0);
  </select>

  <select id="findUser" resultType="com.cms.model.bean.UserInfo">
    SELECT id, email, nickname, avatar, `role`, vip, email, sex from rcms_user_view where email = #{email};
  </select>

  <select id="findwxUser" resultType="com.cms.model.bean.User">
    SELECT id, email, password from rcms_user where wxopenid = #{wxopenid};
  </select>

  <select id="haswxopenid" resultType="java.lang.String">
    SELECT wxopenid from rcms_user where email = #{email};
  </select>

  <select id="findUserById" resultType="com.cms.model.bean.UserInfo">
    SELECT id, email, nickname, avatar, `role`, vip, email, sex from rcms_user_view where id = #{id};
  </select>

  <insert id="addUser">
    INSERT INTO rcms_user(password, email) values (#{password}, #{email});
  </insert>

  <insert id="addwxUser">
    INSERT INTO rcms_user(password, email, wxopenid) values (#{password}, #{email}, #{wxopenid});
  </insert>

  <update id="bindwxUser">
    UPDATE rcms_user set wxopenid = #{wxopenid} where email=#{email};
  </update>

  <insert id="addUserinfo">
    INSERT INTO rcms_userinfo(nickname, avatar) values (#{nickname}, #{avatar});
  </insert>

  <update id="updateUser">
    UPDATE rcms_user set password = #{password} where email=#{email};
  </update>

  <update id="updateAdmininfo">
    UPDATE rcms_user_view set nickname = #{nickname}, avatar = #{avatar}, `role` = #{role}, `settings` = #{settings}, `article` = #{article}, `author` = #{author}, `templates` = #{templates} where email=#{email};
  </update>

  <update id="resetUserinfo">
    UPDATE rcms_user_view set nickname = #{nickname}, avatar = #{avatar} where email=#{email};
  </update>

  <select id="Roleset" resultType="com.cms.model.bean.Role">
    SELECT `id`, `email`, `role`, `settings`, `article`, `author`, `templates`, `vip` FROM rcms_user_view where email = #{email};
  </select>

  <update id="updateUserproperty">
    UPDATE rcms_user_view set ${property} = #{value} where email=#{email};
  </update>

  <update id="updatePassword">
    UPDATE rcms_user set password = #{password} where email=#{email};
  </update>

  <update id="updateUserEmail">
    UPDATE rcms_user set ${property} = #{value} where email=#{email};
  </update>

  <select id="getUserList" resultMap="RoleResultMap">
    SELECT `id`, `email`,`role`, `settings`, `article`, `author`, `templates`, `vip` FROM rcms_user_view limit #{search_num}, #{limit_num};
  </select>

  <select id="getUserListNum" resultType="java.lang.Integer">
    SELECT count(*) FROM rcms_user_view;
  </select>
  
  <delete id="DeleteUser">
    DELETE FROM rcms_user where id = #{id} and email = #{email};
  </delete>

  <delete id="DeleteUserInfo">
    DELETE FROM rcms_user where id = #{id};
  </delete>

  <update id="updateUserRole">
    UPDATE rcms_user_view set `role` = #{role}, settings = #{settings}, article = #{article}, author = #{author}, templates = #{templates}, vip = #{vip} where id = #{id} and email = #{email};
  </update>

  <update id="updateUserAccount">
    UPDATE rcms_user_view set email = #{email} where id = #{id};
  </update>

  <select id="getUserEmail" resultType="java.lang.String">
    SELECT email from rcms_user where id = #{id};
  </select>

  <select id="getUserId" resultType="java.lang.Integer">
    SELECT id from rcms_user where wxopenid = #{wxopenid};
  </select>
</mapper>